<?xml version="1.0" encoding="UTF-8"?>
<project-private xmlns="http://www.netbeans.org/ns/project-private/1">
    <editor-bookmarks xmlns="http://www.netbeans.org/ns/editor-bookmarks/2" lastBookmarkId="0"/>
    <open-files xmlns="http://www.netbeans.org/ns/projectui-open-files/2">
        <group>
            <file>file:/C:/Users/ASUS/OneDrive/Documentos/NetBeansProjects/Parcial%20II/src/parcial/ii/ParcialII.java</file>
            <file>file:/C:/Users/ASUS/OneDrive/Documentos/NetBeansProjects/Parcial%20II/src/parcial/ii/Banquero.java</file>
            <file>file:/C:/Users/ASUS/OneDrive/Documentos/NetBeansProjects/Parcial%20II/src/parcial/ii/Usuario.java</file>
            <file>file:/C:/Users/ASUS/OneDrive/Documentos/NetBeansProjects/Parcial%20II/src/parcial/ii/Cliente.java</file>
        </group>
    </open-files>
</project-private>
